primary_category,Park,Sample_number,Date_of_sample_collection,Value_sum_quantified_by_category,Value_min,Value_max,Detected_by_category
POP,Bay_Wald,A01,2023-12-11,0,1.5,8,detected
POP,Bay_Wald,A03,2024-01-30,0,1.5,8,detected
POP,Bay_Wald,A05,2024-01-31,0,1.5,8,detected
POP,Bay_Wald,A06,2023-12-27,0,1.5,8,detected
POP,Bay_Wald,A07,2024-01-25,0,0.3,5.2,detected
POP,Bay_Wald,A08,2024-01-30,0,1.2,7.3,detected
POP,Bay_Wald,A09,2023-12-05,0,1.7999999999999998,8.7,detected
POP,Bay_Wald,A100,2024-12-09,0,1.2,7.3,detected
POP,Bay_Wald,A13,2024-01-25,0,1.2,7.3,detected
POP,Bay_Wald,A19,2024-01-30,0,1.2,7.3,detected
POP,Bay_Wald,A20,2023-12-29,0,0.6,5.9,detected
POP,Bay_Wald,A23,2024-01-28,4.2,5.4,10.6,quantified
POP,Bay_Wald,A39,2024-01-31,0,1.2,7.3,detected
POP,Bay_Wald,A40,2024-01-30,0,1.2,7.3,detected
POP,Bay_Wald,A54,2024-12-02,0,1.2,7.3,detected
POP,Bay_Wald,A55,2025-01-04,0,1.2,7.3,detected
POP,Bay_Wald,A59,2024-10-16,0,0.8999999999999999,6.6,detected
POP,Bay_Wald,A62,2024-11-13,6.8801031785123,7.4801031785123,11.2801031785123,quantified
POP,Bay_Wald,A63,2024-11-19,0,1.2,7.3,detected
POP,Bay_Wald,A64,2024-10-22,1.25804325010195,2.15804325010195,7.55804325010195,quantified
POP,Bay_Wald,A65,2024-11-24,0,1.2,7.3,detected
POP,Bay_Wald,A67,2024-10-31,0,1.2,7.3,detected
POP,Bay_Wald,A68,2024-10-13,0,1.2,7.3,detected
POP,Bay_Wald,A72,2024-12-29,0,1.2,7.3,detected
POP,Bay_Wald,A73,2024-10-27,5.6014121288374,6.2014121288374,10.6014121288374,quantified
POP,Bay_Wald,A76,2024-12-19,0,1.2,7.3,detected
POP,Bay_Wald,A77,2024-11-25,0,1.5,8,detected
POP,Bay_Wald,A80,2025-01-27,1.22736795188998,2.1273679518899797,7.52736795188998,quantified
POP,Bay_Wald,A83,2025-01-14,1.15782108115671,2.05782108115671,7.45782108115671,quantified
POP,Bay_Wald,A85,2024-11-25,0,1.2,7.3,detected
POP,Bay_Wald,A89,2024-12-19,0,1.2,7.3,detected
POP,Bay_Wald,A91,2024-09-27,5.1956315970421,5.7956315970420995,10.1956315970421,quantified
POP,Bay_Wald,A92,2024-12-18,0,1.2,7.3,detected
POP,Bay_Wald,A94,2024-12-19,0,1.5,8,detected
POP,Bay_Wald,A95,2024-12-18,1.34560890369253,2.24560890369253,7.64560890369253,quantified
POP,Bay_Wald,A96,2024-12-13,0,1.5,8,detected
POP,Bay_Wald,A99,2024-12-19,0,1.2,7.3,detected
POP,Eifel,Z01,2023-11-29,0,1.7999999999999998,8.7,detected
POP,Eifel,Z02,2023-11-21,3.928717203612064,4.5287172036120635,8.928717203612063,quantified
POP,Eifel,Z03,2023-11-21,60.34738165416982,60.947381654169824,65.34738165416982,quantified
POP,Eifel,Z04,2023-11-29,0,0.8999999999999999,6.6,detected
POP,Eifel,Z05,2023-11-29,3.53646010963776,4.73646010963776,10.23646010963776,quantified
POP,Eifel,Z06,2023-11-29,0,1.2,7.3,detected
POP,Eifel,Z07,2023-11-21,1.35557882058264,2.85557882058264,9.055578820582639,quantified
POP,Eifel,Z08,2023-11-29,0,0.8999999999999999,6.6,detected
POP,Eifel,Z09,2023-11-23,5.94575275631926,6.845752756319261,11.64575275631926,quantified
POP,Eifel,Z10,2023-11-23,5.545496592021609,6.145496592021608,10.545496592021609,quantified
POP,Eifel,Z100,2024-09-04,10.99508757520291,11.595087575202909,15.99508757520291,quantified
POP,Eifel,Z11,2023-11-23,3.030854527206984,4.530854527206984,10.430854527206984,quantified
POP,Eifel,Z12,2023-11-29,0,1.2,7.3,detected
POP,Eifel,Z13,2023-11-21,6.18839797422604,7.088397974226041,11.88839797422604,quantified
POP,Eifel,Z14,2023-11-29,0,1.7999999999999998,8.7,detected
POP,Eifel,Z15,2023-11-29,0,1.7999999999999998,8.7,detected
POP,Eifel,Z16,2023-11-29,4.362597990011946,5.262597990011946,10.062597990011946,quantified
POP,Eifel,Z17,2023-11-29,0,1.7999999999999998,8.7,detected
POP,Eifel,Z18,2023-11-29,1.297543994746892,3.397543994746892,10.397543994746892,quantified
POP,Eifel,Z19,2023-12-07,6.9637062278797,7.8637062278797,12.6637062278797,quantified
POP,Eifel,Z20,2023-11-29,3.21971067143201,4.71971067143201,10.61971067143201,quantified
POP,Eifel,Z21,2023-11-29,0,0.8999999999999999,6.6,detected
POP,Eifel,Z22,2023-12-07,0,1.7999999999999998,8.7,detected
POP,Eifel,Z23,2023-11-23,1.096797610191862,2.8967976101918618,9.496797610191862,quantified
POP,Eifel,Z24,2023-12-07,22.192879382411515,22.492879382411516,25.892879382411515,quantified
POP,Eifel,Z25,2023-12-07,3.745956966870012,4.345956966870012,8.745956966870011,quantified
POP,Eifel,Z26,2023-12-07,0,1.2,7.3,detected
POP,Eifel,Z27,2023-12-07,3.886755266972046,4.786755266972046,9.586755266972046,quantified
POP,Eifel,Z28,2023-12-07,3.991297874984532,4.891297874984532,9.691297874984532,quantified
POP,Eifel,Z29,2023-12-16,4.180112813046402,5.0801128130464015,9.880112813046402,quantified
POP,Eifel,Z30,2023-12-07,6.97184380348086,7.871843803480861,12.67184380348086,quantified
POP,Eifel,Z31,2023-10-26,5.70966798645462,6.609667986454619,11.409667986454618,quantified
POP,Eifel,Z32,2023-10-26,8.83283992860286,9.73283992860286,14.53283992860286,quantified
POP,Eifel,Z33,2023-11-29,0,1.2,7.3,detected
POP,Eifel,Z34,2023-12-07,3.605652320312842,4.5056523203128425,9.305652320312841,quantified
POP,Eifel,Z35,2023-11-29,3.473598411097374,4.373598411097374,9.173598411097373,quantified
POP,Eifel,Z36,2023-12-07,0,1.2,7.3,detected
POP,Eifel,Z37,2023-11-29,0,1.2,7.3,detected
POP,Eifel,Z38,2023-11-29,3.7233553055844277,4.923355305584428,10.123355305584427,quantified
POP,Eifel,Z39,2023-11-23,0,1.2,7.3,detected
POP,Eifel,Z40,2023-11-23,3.69310413119734,4.29310413119734,8.693104131197341,quantified
POP,Eifel,Z41,2023-11-23,1.062873093181672,2.262873093181672,8.062873093181672,quantified
POP,Eifel,Z42,2023-11-23,2.27926368148402,3.77926368148402,9.979263681484019,quantified
POP,Eifel,Z43,2023-11-23,3.161964944657244,4.061964944657245,9.161964944657244,quantified
POP,Eifel,Z44,2023-11-23,1.167466887743914,2.667466887743914,8.867466887743914,quantified
POP,Eifel,Z45,2023-10-26,26.836317664005758,27.43631766400576,31.536317664005757,quantified
POP,Eifel,Z46,2023-10-26,3.9703547766507,4.2703547766507,8.270354776650699,quantified
POP,Eifel,Z47,2023-10-26,5.65857067986511,6.5585706798651096,11.35857067986511,quantified
POP,Eifel,Z48,2023-10-26,0,1.2,7.3,detected
POP,Eifel,Z49,2023-10-26,4.587492049189979,5.48749204918998,10.287492049189979,quantified
POP,Eifel,Z50,2023-11-23,4.213741587682576,5.113741587682576,9.913741587682576,quantified
POP,Eifel,Z51,2024-09-07,7.294582925589671,8.194582925589671,12.99458292558967,quantified
POP,Eifel,Z52,2024-08-29,9.320665188564,10.520665188564,15.720665188564,quantified
POP,Eifel,Z53,2024-08-27,0,1.7999999999999998,8.7,detected
POP,Eifel,Z54,2024-09-10,1.3003840000193,2.5003840000193,8.3003840000193,quantified
POP,Eifel,Z55,2024-08-23,8.68949637554093,9.28949637554093,13.68949637554093,quantified
POP,Eifel,Z56,2024-08-28,0,2.4,10.1,detected
POP,Eifel,Z57,2024-09-12,0,1.2,7.3,detected
POP,Eifel,Z59,2024-09-13,4.89772631878819,5.49772631878819,9.59772631878819,quantified
POP,Eifel,Z61,2024-08-19,0,1.2,7.3,detected
POP,Eifel,Z62,2024-08-18,5.69784454038583,6.29784454038583,10.69784454038583,quantified
POP,Eifel,Z63,2024-08-22,3.73851855244403,5.23851855244403,10.83851855244403,quantified
POP,Eifel,Z64,2024-08-09,1.54004721619083,3.04004721619083,9.24004721619083,quantified
POP,Eifel,Z65,2024-08-20,1.07095938350202,2.5709593835020197,8.770959383502019,quantified
POP,Eifel,Z66,2024-08-05,6.83489805423951,7.73489805423951,12.534898054239509,quantified
POP,Eifel,Z67,2024-08-09,3.69058418234271,4.29058418234271,8.690584182342711,quantified
POP,Eifel,Z68,2024-08-18,0,2.4,10.1,detected
POP,Eifel,Z69,2024-08-09,1.51612520210196,3.3161252021019596,9.91612520210196,quantified
POP,Eifel,Z70,2024-08-06,1.82408612513252,3.02408612513252,8.82408612513252,quantified
POP,Eifel,Z71,2024-08-03,1.74573643643822,2.94573643643822,8.74573643643822,quantified
POP,Eifel,Z73,2024-08-03,0,1.2,7.3,detected
POP,Eifel,Z76,2024-08-07,0,1.2,7.3,detected
POP,Eifel,Z78,2024-08-02,4.81826715259975,5.41826715259975,9.81826715259975,quantified
POP,Eifel,Z79,2024-08-03,1.14596023629509,2.34596023629509,8.145960236295089,quantified
POP,Eifel,Z80,2024-08-07,8.25499119773931,8.85499119773931,13.25499119773931,quantified
POP,Eifel,Z91,2024-05-29,1.99647419132624,3.4964741913262403,9.69647419132624,quantified
POP,Eifel,Z92,2024-08-19,6.58485955444369,7.1848595544436895,11.584859554443689,quantified
POP,Eifel,Z96,2024-09-04,0,1.7999999999999998,8.7,detected
POP,Eifel,Z97,2024-09-11,6.57010144254719,7.17010144254719,11.570101442547191,quantified
POP,Eifel,Z99,2024-08-08,12.00583795658103,12.605837956581029,16.70583795658103,quantified
POP,Hainich,C01,2023-12-09,0,1.2,7.3,detected
POP,Hainich,C02,2023-12-12,0,1.5,8,detected
POP,Hainich,C03,2023-12-05,1.0242220775984,1.9242220775983998,7.3242220775983995,quantified
POP,Hainich,C04,2023-11-28,1.03238274169935,2.2323827416993502,8.032382741699351,quantified
POP,Hainich,C05,2024-01-15,0,1.2,7.3,detected
POP,Hainich,C06,2023-12-05,0,1.5,8,detected
POP,Hainich,C07,2023-12-12,0,0.8999999999999999,6.6,detected
POP,Hainich,C08,2023-11-18,0,1.2,7.3,detected
POP,Hainich,C09,2024-01-13,0,1.2,7.3,detected
POP,Hainich,C10,2023-12-05,1.16729582620613,2.3672958262061297,8.16729582620613,quantified
POP,Hainich,C100,2024-09-25,0,1.5,8,detected
POP,Hainich,C11,2023-12-05,1.11757661071519,2.3175766107151903,8.11757661071519,quantified
POP,Hainich,C12,2023-11-28,0,1.2,7.3,detected
POP,Hainich,C13,2023-12-05,1.21601224567928,2.7160122456792797,8.91601224567928,quantified
POP,Hainich,C14,2023-12-05,0,1.2,7.3,detected
POP,Hainich,C15,2023-11-14,0,1.2,7.3,detected
POP,Hainich,C16,2023-11-14,0,1.2,7.3,detected
POP,Hainich,C17,2023-11-28,0,1.2,7.3,detected
POP,Hainich,C18,2023-12-05,0,1.2,7.3,detected
POP,Hainich,C19,2023-11-14,2.34586988568121,3.24586988568121,8.645869885681211,quantified
POP,Hainich,C20,2023-12-05,0,1.2,7.3,detected
POP,Hainich,C21,2023-12-12,0,1.2,7.3,detected
POP,Hainich,C22,2023-11-28,0,1.2,7.3,detected
POP,Hainich,C23,2023-11-28,0,1.2,7.3,detected
POP,Hainich,C24,2023-12-12,1.25645205383467,2.4564520538346697,8.25645205383467,quantified
POP,Hainich,C25,2023-12-12,0,1.2,7.3,detected
POP,Hainich,C26,2023-12-12,0,1.2,7.3,detected
POP,Hainich,C27,2023-12-05,0,1.7999999999999998,8.7,detected
POP,Hainich,C28,2023-11-28,0,1.2,7.3,detected
POP,Hainich,C29,2023-11-18,1.11379333262741,2.31379333262741,8.11379333262741,quantified
POP,Hainich,C30,2023-12-05,1.28363820445182,2.48363820445182,8.283638204451819,quantified
POP,Hainich,C31,2023-11-04,0,1.2,7.3,detected
POP,Hainich,C32,2023-11-28,0,1.2,7.3,detected
POP,Hainich,C33,2023-12-05,0,1.2,7.3,detected
POP,Hainich,C34,2023-11-04,0,1.2,7.3,detected
POP,Hainich,C35,2023-12-09,0,1.2,7.3,detected
POP,Hainich,C36,2024-01-15,0,1.5,8,detected
POP,Hainich,C37,2023-12-09,4.078621306347831,4.978621306347831,10.07862130634783,quantified
POP,Hainich,C38,2023-11-14,0,1.2,7.3,detected
POP,Hainich,C39,2023-11-18,0,1.2,7.3,detected
POP,Hainich,C40,2023-12-12,0,1.2,7.3,detected
POP,Hainich,C41,2023-11-28,1.15850829771571,2.0585082977157096,7.45850829771571,quantified
POP,Hainich,C42,2023-12-09,1.06312161620882,1.9631216162088199,7.3631216162088196,quantified
POP,Hainich,C43,2023-11-18,0,0.8999999999999999,6.6,detected
POP,Hainich,C44,2023-12-09,0,1.2,7.3,detected
POP,Hainich,C45,2023-11-07,0,1.2,7.3,detected
POP,Hainich,C46,2023-11-18,0,1.2,7.3,detected
POP,Hainich,C47,2023-12-12,0,1.2,7.3,detected
POP,Hainich,C48,2023-11-18,0,1.5,8,detected
POP,Hainich,C49,2023-11-07,0,1.2,7.3,detected
POP,Hainich,C50,2023-12-12,0,1.2,7.3,detected
POP,Hainich,C87,2024-10-02,4.55781303922678,5.15781303922678,9.55781303922678,quantified
POP,Hainich,C91,2024-09-18,3.840053604855,4.7400536048549995,9.540053604855,quantified
POP,Hainich,C94,2024-09-25,0,1.2,7.3,detected
POP,Hainich,C96,2024-09-18,0,1.2,7.3,detected
POP,Hunsrueck,D01,2024-08-22,1.01056796828937,2.2105679682893697,8.01056796828937,quantified
POP,Hunsrueck,D02,2024-08-13,0,1.5,8,detected
POP,Hunsrueck,D03,2024-08-19,7.940983382946239,8.84098338294624,13.640983382946239,quantified
POP,Hunsrueck,D04,2024-08-14,5.803013576673999,6.403013576673999,10.803013576674,quantified
POP,Hunsrueck,D05,2024-08-14,0,1.5,8,detected
POP,Hunsrueck,D06,2024-08-22,5.82038132874183,6.72038132874183,11.520381328741829,quantified
POP,Hunsrueck,D07,2024-08-08,0,1.5,8,detected
POP,Hunsrueck,D08,2024-08-14,1.57577423808802,3.07577423808802,9.275774238088019,quantified
POP,Hunsrueck,D09,2024-08-23,8.03622184648367,8.93622184648367,13.73622184648367,quantified
POP,Hunsrueck,D10,2024-08-13,7.64367363331049,8.54367363331049,13.34367363331049,quantified
POP,Hunsrueck,D11,2023-11-17,4.62369379680639,5.5236937968063895,10.32369379680639,quantified
POP,Hunsrueck,D13,2023-11-17,7.9390677916189105,9.43906779161891,14.43906779161891,quantified
POP,Hunsrueck,D14,2023-12-08,0,2.4,10.1,detected
POP,Hunsrueck,D18,2023-11-17,1.73879097354245,3.23879097354245,9.43879097354245,quantified
POP,Hunsrueck,D19,2023-11-17,8.06658478380062,9.56658478380062,14.56658478380062,quantified
POP,Hunsrueck,D20,2023-11-25,2.06222815897131,3.56222815897131,9.46222815897131,quantified
POP,Hunsrueck,D21,2024-12-05,4.4789974808806,5.378997480880599,10.1789974808806,quantified
POP,Hunsrueck,D22,2024-12-12,4.05558307363707,4.9555830736370705,9.75558307363707,quantified
POP,Hunsrueck,D24,2024-12-05,7.71656022140676,8.61656022140676,13.416560221406758,quantified
POP,Hunsrueck,D25,2024-12-12,3.66889918712552,5.76889918712552,12.16889918712552,quantified
POP,Hunsrueck,D27,2024-11-21,7.91737356425412,8.81737356425412,13.61737356425412,quantified
POP,Hunsrueck,D28,2024-12-05,8.26314990176556,9.16314990176556,13.36314990176556,quantified
POP,Hunsrueck,D29,2024-12-05,6.4910425642986596,7.9910425642986596,13.59104256429866,quantified
POP,Hunsrueck,D41,2024-08-03,5.64635464559652,6.2463546455965195,10.64635464559652,quantified
POP,Hunsrueck,D42,2024-08-03,4.59627593212035,5.79627593212035,10.99627593212035,quantified
POP,Hunsrueck,D43,2024-08-11,6.906895940593779,7.80689594059378,12.606895940593779,quantified
POP,Hunsrueck,D45,2024-08-04,3.92775392548618,4.82775392548618,9.62775392548618,quantified
POP,Hunsrueck,D46,2024-08-05,6.1531944158337,7.053194415833699,11.853194415833698,quantified
POP,Hunsrueck,D47,2024-08-11,11.27755984330304,12.17755984330304,16.97755984330304,quantified
POP,Hunsrueck,D48,2024-08-04,2.55994577037769,4.0599457703776896,9.95994577037769,quantified
POP,Hunsrueck,D49,2024-08-08,8.03795125124841,8.63795125124841,13.03795125124841,quantified
POP,Hunsrueck,D50,2024-08-13,4.78711535955402,5.687115359554021,10.48711535955402,quantified
POP,Hunsrueck,D51,2024-12-05,4.73448136274503,5.63448136274503,10.43448136274503,quantified
POP,Hunsrueck,D52,2024-12-05,1.4860308197492,2.9860308197492,9.186030819749199,quantified
POP,Hunsrueck,D53,2024-12-12,6.11592713820111,7.61592713820111,13.21592713820111,quantified
POP,Hunsrueck,D54,2024-10-17,6.90279194527883,7.80279194527883,12.60279194527883,quantified
POP,Hunsrueck,D55,2024-12-05,4.73758719542645,6.23758719542645,11.83758719542645,quantified
POP,Hunsrueck,D58,2024-10-17,1.7691780524835,2.9691780524834996,8.7691780524835,quantified
POP,Hunsrueck,D59,2024-10-17,4.42996718537393,5.92996718537393,11.529967185373929,quantified
POP,Hunsrueck,D62,2024-10-23,4.428082618487069,5.32808261848707,10.128082618487069,quantified
POP,Hunsrueck,D63,2024-10-23,1.31368649818816,2.21368649818816,7.61368649818816,quantified
POP,Hunsrueck,D64,2024-10-17,4.94154332345631,5.84154332345631,10.64154332345631,quantified
POP,Hunsrueck,D67,2024-10-23,4.55404523345454,5.45404523345454,10.254045233454539,quantified
POP,Hunsrueck,D68,2024-10-17,7.36627922008333,8.26627922008333,13.066279220083329,quantified
POP,Hunsrueck,D70,2024-12-05,7.84496664154272,9.344966641542719,14.344966641542719,quantified
POP,Hunsrueck,D71,2024-12-12,4.63543231805595,5.53543231805595,10.33543231805595,quantified
POP,Hunsrueck,D72,2024-10-23,4.17780144417872,5.07780144417872,9.87780144417872,quantified
POP,Hunsrueck,D73,2024-10-17,0,0.3,5.2,detected
POP,Hunsrueck,D74,2024-12-12,6.94244628348576,7.84244628348576,12.642446283485759,quantified
POP,Hunsrueck,D76,2024-10-23,6.1766345329539,7.0766345329539,11.2766345329539,quantified
POP,Hunsrueck,D77,2024-10-17,9.04252382343922,9.94252382343922,14.74252382343922,quantified
POP,Hunsrueck,D78,2024-10-17,7.8389975703514,8.7389975703514,13.538997570351398,quantified
POP,Hunsrueck,D80,2024-10-17,12.13674311178978,12.73674311178978,16.23674311178978,quantified
POP,Jasmund,G01,2024-01-08,3.0818000000000003,3.9818000000000002,9.081800000000001,quantified
POP,Jasmund,G02,2023-11-25,0,1.5,8,detected
POP,Jasmund,G03,2023-11-14,0,0.3,5.2,detected
POP,Jasmund,G04,2023-11-18,0,0.8999999999999999,6.6,detected
POP,Jasmund,G05,2023-11-18,0,0.3,5.2,detected
POP,Jasmund,G06,2023-12-05,0,0.8999999999999999,6.6,detected
POP,Jasmund,G07,2024-01-08,0,1.7999999999999998,8.7,detected
POP,Jasmund,G08,2023-11-18,0,0.3,5.2,detected
POP,Jasmund,G09,2023-11-25,1.3456,3.1456,9.7456,quantified
POP,Jasmund,G10,2023-12-19,0,0.6,5.9,detected
POP,Jasmund,G11,2023-12-11,0,1.2,7.3,detected
POP,Jasmund,G12,2023-11-17,0,0.3,5.2,detected
POP,Jasmund,G13,2023-12-19,0,0.3,5.2,detected
POP,Jasmund,G14,2023-11-18,0,1.2,7.3,detected
POP,Jasmund,G15,2023-11-18,0,1.2,7.3,detected
POP,Jasmund,G16,2023-11-18,0,0.3,5.2,detected
POP,Jasmund,G17,2024-01-26,0,1.2,7.3,detected
POP,Jasmund,G18,2023-11-18,0,0.6,5.9,detected
POP,Jasmund,G19,2023-11-18,0,1.2,7.3,detected
POP,Jasmund,G20,2024-01-02,0,0.3,5.2,detected
POP,Jasmund,G22,2023-11-17,0,1.5,8,detected
POP,Jasmund,G23,2023-11-17,0,1.2,7.3,detected
POP,Jasmund,G24,2023-12-19,0,0.6,5.9,detected
POP,Jasmund,G25,2023-11-17,0,1.2,7.3,detected
POP,Jasmund,G26,2023-11-17,0,0.3,5.2,detected
POP,Jasmund,G27,2023-11-17,0,0.8999999999999999,6.6,detected
POP,Jasmund,G28,2023-11-17,0,1.2,7.3,detected
POP,Jasmund,G29,2023-11-17,0,0.3,5.2,detected
POP,Jasmund,G30,2023-11-17,0,0.3,5.2,detected
POP,Jasmund,G31,2023-11-18,0,1.5,8,detected
POP,Jasmund,G32,2023-11-18,0,0.3,5.2,detected
POP,Jasmund,G33,2024-01-28,0,0.6,5.9,detected
POP,Jasmund,G34,2023-11-17,0,1.2,7.3,detected
POP,Jasmund,G35,2023-11-18,0,0.3,5.2,detected
POP,Jasmund,G36,2023-11-22,0,0.8999999999999999,6.6,detected
POP,Jasmund,G37,2024-01-31,1.89649802172186,2.79649802172186,8.19649802172186,quantified
POP,Jasmund,G38,2023-11-17,0,0.8999999999999999,6.6,detected
POP,Jasmund,G39,2023-11-17,0,1.2,7.3,detected
POP,Jasmund,G40,2023-11-17,0,0.3,5.2,detected
POP,Jasmund,G41,2023-12-02,0,1.2,7.3,detected
POP,Jasmund,G42,2024-01-31,0,1.2,7.3,detected
POP,Jasmund,G43,2023-11-25,1.5656,3.0656,9.2656,quantified
POP,Jasmund,G44,2023-12-19,0,0.3,5.2,detected
POP,Jasmund,G45,2023-12-19,0,1.7999999999999998,8.7,detected
POP,Jasmund,G46,2023-11-18,0,0.3,5.2,detected
POP,Jasmund,G47,2023-11-17,0,0.3,5.2,detected
POP,Jasmund,G48,2023-12-19,0,1.2,7.3,detected
POP,Jasmund,G49,2024-01-31,0,1.2,7.3,detected
POP,Jasmund,G50,2023-11-17,0,1.2,7.3,detected
POP,Kellerwald,L100,2024-08-09,4.400808175182609,5.900808175182609,11.500808175182609,quantified
POP,Kellerwald,L51,2024-08-05,0,1.5,8,detected
POP,Kellerwald,L52,2024-09-01,4.37760211092517,5.277602110925169,10.07760211092517,quantified
POP,Kellerwald,L53,2024-08-02,13.309629488654249,13.909629488654248,18.009629488654248,quantified
POP,Kellerwald,L54,2024-08-16,0,1.7999999999999998,8.7,detected
POP,Kellerwald,L55,2024-08-05,8.08880552062681,8.98880552062681,13.78880552062681,quantified
POP,Kellerwald,L56,2024-08-02,0,1.2,7.3,detected
POP,Kellerwald,L57,2024-08-16,4.54470953273458,5.14470953273458,9.54470953273458,quantified
POP,Kellerwald,L58,2024-08-17,8.993342354242401,9.893342354242401,14.6933423542424,quantified
POP,Kellerwald,L59,2024-08-16,9.92970932121625,10.829709321216251,15.02970932121625,quantified
POP,Kellerwald,L60,2024-09-01,0,1.2,7.3,detected
POP,Kellerwald,L61,2024-09-01,1.54714229640002,2.7471422964000203,8.54714229640002,quantified
POP,Kellerwald,L62,2024-09-02,0,1.2,7.3,detected
POP,Kellerwald,L63,2024-08-17,2.8044592716855803,3.70445927168558,8.80445927168558,quantified
POP,Kellerwald,L64,2024-09-01,10.88150791772902,11.781507917729021,16.58150791772902,quantified
POP,Kellerwald,L65,2024-09-01,0,2.4,10.1,detected
POP,Kellerwald,L66,2024-09-01,4.89208535742138,5.49208535742138,9.89208535742138,quantified
POP,Kellerwald,L67,2024-08-05,1.14305860820134,2.64305860820134,8.84305860820134,quantified
POP,Kellerwald,L68,2024-08-05,18.59500485590106,19.19500485590106,23.29500485590106,quantified
POP,Kellerwald,L69,2024-08-06,0,1.5,8,detected
POP,Kellerwald,L70,2024-08-08,0,1.5,8,detected
POP,Kellerwald,L71,2024-08-04,0,1.2,7.3,detected
POP,Kellerwald,L72,2024-08-15,0,1.7999999999999998,8.7,detected
POP,Kellerwald,L73,2024-08-02,4.39490750748539,5.294907507485389,10.09490750748539,quantified
POP,Kellerwald,L74,2024-08-06,8.14425248825988,9.04425248825988,13.84425248825988,quantified
POP,Kellerwald,L75,2024-08-05,14.85727748065311,15.15727748065311,18.85727748065311,quantified
POP,Kellerwald,L76,2024-08-07,4.64608752868355,5.54608752868355,10.34608752868355,quantified
POP,Kellerwald,L77,2024-09-01,0,1.5,8,detected
POP,Kellerwald,L78,2024-08-15,5.9673058402286,6.8673058402286,11.6673058402286,quantified
POP,Kellerwald,L79,2024-08-09,1.08404011683256,2.2840401168325597,8.08404011683256,quantified
POP,Kellerwald,L80,2024-08-14,10.48836163515335,11.38836163515335,16.18836163515335,quantified
POP,Kellerwald,L81,2024-08-04,5.57597444513362,6.47597444513362,11.27597444513362,quantified
POP,Kellerwald,L82,2024-08-10,0,1.5,8,detected
POP,Kellerwald,L83,2024-08-14,1.45318524979847,2.9531852497984703,9.15318524979847,quantified
POP,Kellerwald,L84,2024-08-04,7.96866094471319,8.56866094471319,12.96866094471319,quantified
POP,Kellerwald,L85,2024-08-09,0,1.5,8,detected
POP,Kellerwald,L86,2024-08-10,10.68852384434094,11.58852384434094,16.38852384434094,quantified
POP,Kellerwald,L87,2024-08-09,9.69104699942691,10.59104699942691,15.391046999426909,quantified
POP,Kellerwald,L88,2024-08-17,0,1.7999999999999998,8.7,detected
POP,Kellerwald,L89,2024-08-02,1.83054853975416,3.03054853975416,8.83054853975416,quantified
POP,Kellerwald,L90,2024-08-04,5.125291243431191,5.72529124343119,10.12529124343119,quantified
POP,Kellerwald,L91,2024-08-10,3.9048419578959397,4.80484195789594,9.604841957895939,quantified
POP,Kellerwald,L92,2024-08-03,8.410797323651511,9.010797323651511,13.410797323651511,quantified
POP,Kellerwald,L93,2024-08-13,8.69688299653958,9.29688299653958,13.39688299653958,quantified
POP,Kellerwald,L94,2024-08-01,11.073739884747411,11.973739884747411,16.77373988474741,quantified
POP,Kellerwald,L95,2024-08-05,7.64839901929242,8.54839901929242,13.348399019292419,quantified
POP,Kellerwald,L96,2024-08-14,4.05263198249145,4.95263198249145,9.75263198249145,quantified
POP,Kellerwald,L97,2024-08-12,4.49489596440319,5.0948959644031895,9.49489596440319,quantified
POP,Kellerwald,L98,2024-08-09,4.945194024606041,5.54519402460604,9.94519402460604,quantified
POP,Kellerwald,L99,2024-08-10,6.3973478048546095,7.29734780485461,12.097347804854609,quantified
POP,Non-Park,CC1,2021-01-24,0,3,11.5,detected
POP,Non-Park,CC10,2021-04-16,2,4.699999999999999,12.5,quantified
POP,Non-Park,CC11,2021-04-18,1,3.6999999999999997,11.5,quantified
POP,Non-Park,CC12,2021-04-18,4,6.1,13.1,quantified
POP,Non-Park,CC13,2021-04-19,1,3.1,10.1,quantified
POP,Non-Park,CC14,2021-04-19,3,5.699999999999999,13.5,quantified
POP,Non-Park,CC15,2021-04-21,2,4.699999999999999,12.5,quantified
POP,Non-Park,CC16,2021-04-24,1,3.1,10.1,quantified
POP,Non-Park,CC17,2021-04-24,4,6.1,12.5,quantified
POP,Non-Park,CC18,2021-04-23,2,4.699999999999999,12.5,quantified
POP,Non-Park,CC19,2021-04-23,2,4.699999999999999,12.5,quantified
POP,Non-Park,CC2,2021-05-27,0,1.5,8,detected
POP,Non-Park,CC20,2021-04-21,2,4.1,11.1,quantified
POP,Non-Park,CC21,2021-04-19,0,3.5999999999999996,12.9,detected
POP,Non-Park,CC22,2021-04-17,1,3.6999999999999997,11.5,quantified
POP,Non-Park,CC23,2021-04-25,2,5.3,13.9,quantified
POP,Non-Park,CC24,2021-04-18,3,5.4,12.5,quantified
POP,Non-Park,CC25,2021-02-24,10,12.7,20.5,quantified
POP,Non-Park,CC26,2021-04-20,0,3.5999999999999996,12.9,detected
POP,Non-Park,CC27,2021-04-22,0,3.5999999999999996,12.9,detected
POP,Non-Park,CC28,2021-04-22,2,4.699999999999999,12.5,quantified
POP,Non-Park,CC29,2021-04-24,1,4.3,12.9,quantified
POP,Non-Park,CC3,2021-05-29,16,17.8,24.1,quantified
POP,Non-Park,CC30,2021-04-28,1,3.6999999999999997,11.5,quantified
POP,Non-Park,CC31,2021-05-03,4,5.8,12.1,quantified
POP,Non-Park,CC32,2021-06-07,2,4.699999999999999,12.5,quantified
POP,Non-Park,CC33,2021-05-16,3,5.1,12.1,quantified
POP,Non-Park,CC34,2021-05-18,5,8.3,16.9,quantified
POP,Non-Park,CC35,2021-05-16,1,3.6999999999999997,11.5,quantified
POP,Non-Park,CC36,2021-05-17,1,3.1,10.1,quantified
POP,Non-Park,CC37,2021-05-30,3,5.1,12.1,quantified
POP,Non-Park,CC38,2021-05-12,2,4.1,10.5,quantified
POP,Non-Park,CC39,2021-05-14,2,4.1,11.1,quantified
POP,Non-Park,CC4,2021-05-02,1,3.1,10.1,quantified
POP,Non-Park,CC40,2021-05-17,0,3,11.5,detected
POP,Non-Park,CC41,2021-05-17,0,2.4,10.1,detected
POP,Non-Park,CC42,2021-05-18,1,3.6999999999999997,11.5,quantified
POP,Non-Park,CC43,2021-05-18,1,2.8,9.4,quantified
POP,Non-Park,CC44,2021-06-29,0,1.7999999999999998,8.7,detected
POP,Non-Park,CC45,2021-04-17,2,4.699999999999999,12.5,quantified
POP,Non-Park,CC46,2021-04-19,0,3,11.5,detected
POP,Non-Park,CC47,2021-04-18,5,6.8,13.1,quantified
POP,Non-Park,CC48,2021-04-21,4,5.8,12.1,quantified
POP,Non-Park,CC49,2021-04-21,2,3.8,10.1,quantified
POP,Non-Park,CC5,2021-06-27,1,3.1,10.1,quantified
POP,Non-Park,CC50,2021-04-27,2,4.1,11.1,quantified
POP,Non-Park,CC51,2021-05-01,2,3.8,10.1,quantified
POP,Non-Park,CC52,2021-07-04,0,2.4,10.1,detected
POP,Non-Park,CC53,2021-07-05,0,2.4,10.1,detected
POP,Non-Park,CC54,2021-07-09,3,4.8,11.4,quantified
POP,Non-Park,CC55,2021-05-16,2,3.8,10.1,quantified
POP,Non-Park,CC56,2021-04-30,1,2.5,8.7,quantified
POP,Non-Park,CC57,2021-04-29,5,7.1,14.1,quantified
POP,Non-Park,CC58,2021-05-07,2,3.5,9.7,quantified
POP,Non-Park,CC6,2021-05-14,1,2.8,9.4,quantified
POP,Non-Park,CC7,2021-05-15,3,5.1,12.1,quantified
POP,Non-Park,CC8,2021-05-14,0,3,11.5,detected
POP,Non-Park,CC9,2021-04-16,1,3.6999999999999997,11.5,quantified
POP,Saechs_Schw,E 11,2024-08-02,5.2156200945282905,6.115620094528291,10.91562009452829,quantified
POP,Saechs_Schw,E 12,2024-12-17,0,1.5,8,detected
POP,Saechs_Schw,E 13,2024-09-05,2.9897823746919,4.1897823746919,9.6897823746919,quantified
POP,Saechs_Schw,E 14,2024-08-07,0,1.2,7.3,detected
POP,Saechs_Schw,E 16,2024-08-02,0,1.5,8,detected
POP,Saechs_Schw,E 17,2025-01-24,0,1.5,8,detected
POP,Saechs_Schw,E 20,2025-01-18,0,1.5,8,detected
POP,Saechs_Schw,E 32,2024-08-18,1.07225919138787,2.27225919138787,8.07225919138787,quantified
POP,Saechs_Schw,E 33,2024-08-21,2.70138541216483,3.60138541216483,8.70138541216483,quantified
POP,Saechs_Schw,E 34,2024-08-12,5.98045799270141,6.880457992701411,11.68045799270141,quantified
POP,Saechs_Schw,E 35,2024-08-13,10.052296631847149,10.652296631847149,14.752296631847148,quantified
POP,Saechs_Schw,E 36,2024-08-15,8.32874389421545,8.92874389421545,13.028743894215449,quantified
POP,Saechs_Schw,E 37,2024-08-02,0,1.2,7.3,detected
POP,Saechs_Schw,E 38,2024-08-07,1.62562842350718,2.82562842350718,8.62562842350718,quantified
POP,Saechs_Schw,E 39,2024-08-15,0,1.5,8,detected
POP,Saechs_Schw,E 40,2024-08-26,0,1.2,7.3,detected
POP,Saechs_Schw,E 41,2024-09-09,0,1.5,8,detected
POP,Saechs_Schw,E 42,2024-09-24,1.45824398596044,2.65824398596044,8.45824398596044,quantified
POP,Saechs_Schw,E 43,2024-09-20,1.26670665752907,2.16670665752907,7.56670665752907,quantified
POP,Saechs_Schw,E 45,2024-09-17,2.7808532583598,3.6808532583597997,8.7808532583598,quantified
POP,Saechs_Schw,E 46,2024-10-24,1.09277631848622,2.29277631848622,8.09277631848622,quantified
POP,Saechs_Schw,E 47,2024-10-15,1.45808232316645,2.65808232316645,8.458082323166451,quantified
POP,Saechs_Schw,E 49,2024-09-20,4.16765834241503,5.067658342415029,9.86765834241503,quantified
POP,Saechs_Schw,E 50,2024-09-28,6.36920622507739,6.969206225077389,11.069206225077389,quantified
POP,Saechs_Schw,E 51,2024-10-24,0,1.2,7.3,detected
POP,Saechs_Schw,E 52,2024-11-19,2.20448668583879,3.70448668583879,9.904486685838789,quantified
POP,Saechs_Schw,E 53,2024-11-30,1.02606715785878,1.3260671578587802,5.92606715785878,quantified
POP,Saechs_Schw,E 54,2024-12-11,1.41970366101055,2.31970366101055,7.719703661010549,quantified
POP,Saechs_Schw,E 55,2024-11-06,0,1.5,8,detected
POP,Saechs_Schw,E 56,2024-11-20,1.16871325013924,2.36871325013924,8.168713250139241,quantified
POP,Saechs_Schw,E 57,2024-10-29,5.856246808364251,6.756246808364251,11.55624680836425,quantified
POP,Saechs_Schw,E 58,2024-11-08,1.28196001702171,2.48196001702171,8.28196001702171,quantified
POP,Saechs_Schw,E 59,2024-11-21,6.43184640600657,7.0318464060065695,11.731846406006571,quantified
POP,Saechs_Schw,E 60,2024-12-18,1.34419194267576,2.54419194267576,8.34419194267576,quantified
POP,Saechs_Schw,E 61,2024-12-11,5.05584900694561,5.05584900694561,8.35584900694561,quantified
POP,Saechs_Schw,E 62,2024-12-11,1.50785769417224,2.4078576941722396,7.80785769417224,quantified
POP,Saechs_Schw,E 63,2024-12-17,1.15996465274939,2.05996465274939,7.45996465274939,quantified
POP,Saechs_Schw,E 64,2024-12-18,1.2702525081915,2.4702525081915,8.2702525081915,quantified
POP,Saechs_Schw,E 65,2024-12-18,1.05141534025236,1.95141534025236,7.35141534025236,quantified
POP,Saechs_Schw,E 66,2025-01-16,5.33423611765295,5.33423611765295,8.63423611765295,quantified
POP,Saechs_Schw,E 67,2025-01-29,1.22518976765906,2.42518976765906,8.22518976765906,quantified
POP,Saechs_Schw,E 68,2025-01-30,3.72360113864285,4.32360113864285,8.72360113864285,quantified
POP,Saechs_Schw,E 69,2025-01-21,4.32703038036545,4.92703038036545,9.32703038036545,quantified
POP,Saechs_Schw,E 70,2025-01-27,4.86017259079705,5.4601725907970495,9.860172590797049,quantified
POP,Saechs_Schw,E 71,2025-01-30,1.02070783923699,1.9207078392369898,7.32070783923699,quantified
POP,Saechs_Schw,E 72,2025-01-30,2.94304700564585,3.54304700564585,8.243047005645849,quantified
POP,Saechs_Schw,E 73,2025-01-30,1.16485173039873,2.3648517303987298,8.16485173039873,quantified
POP,Saechs_Schw,E 74,2025-01-30,1.13153462293717,2.33153462293717,8.13153462293717,quantified
POP,Saechs_Schw,E 75,2025-01-30,9.06539696498517,9.965396964985171,14.76539696498517,quantified
POP,Saechs_Schw,E 76,2025-01-30,1.1181387117852,2.0181387117852,7.4181387117852,quantified
POP,Saechs_Schw,E 77,2025-01-30,0,1.2,7.3,detected
POP,Saechs_Schw,E 78,2025-01-30,4.03554712098862,4.63554712098862,9.035547120988621,quantified
POP,Saechs_Schw,E 79,2025-01-30,1.34340713394742,2.2434071339474198,7.64340713394742,quantified
POP,Saechs_Schw,E 80,2025-01-30,0,1.2,7.3,detected
POP,Saechs_Schw,E 81,2025-01-30,4.51701804421615,5.11701804421615,9.517018044216151,quantified
POP,Saechs_Schw,E 82,2025-01-30,5.44873076562175,6.04873076562175,10.44873076562175,quantified
POP,Saechs_Schw,E 83,2025-01-30,4.56406189715847,5.1640618971584695,9.56406189715847,quantified
POP,Saechs_Schw,E1,2024-01-15,1.251537623167058,2.1515376231670578,7.551537623167058,quantified
POP,Saechs_Schw,E15,2023-11-22,0,1.5,8,detected
POP,Saechs_Schw,E21,2023-12-09,2.1197293230863457,2.7197293230863457,7.4197293230863455,quantified
POP,Saechs_Schw,E22,2024-01-16,4.31093386092596,4.91093386092596,9.31093386092596,quantified
POP,Saechs_Schw,E23,2023-12-19,2.284900518322734,2.884900518322734,7.584900518322734,quantified
POP,Saechs_Schw,E24,2024-01-30,2.9580722055586204,3.5580722055586205,8.25807220555862,quantified
POP,Saechs_Schw,E26,2024-01-19,0,1.5,8,detected
POP,Saechs_Schw,E28,2023-12-08,0,1.2,7.3,detected
POP,Saechs_Schw,E29,2024-01-29,0,1.2,7.3,detected
POP,Saechs_Schw,E30,2024-01-19,1.164048960300222,2.364048960300222,8.16404896030022,quantified
POP,Saechs_Schw,E31,2023-12-06,1.081967799670664,1.981967799670664,7.381967799670664,quantified
POP,Vorpomm,F01,2023-12-28,1.0868,2.2868,8.0868,quantified
POP,Vorpomm,F02,2023-12-28,0,1.2,7.3,detected
POP,Vorpomm,F03,2023-12-08,0,0.3,5.2,detected
POP,Vorpomm,F04,2023-12-07,0,1.2,7.3,detected
POP,Vorpomm,F05,2023-12-28,0,1.2,7.3,detected
POP,Vorpomm,F06,2023-12-28,0,1.2,7.3,detected
POP,Vorpomm,F07,2024-01-11,0,1.2,7.3,detected
POP,Vorpomm,F08,2023-12-08,1.4824,3.2824,9.8824,quantified
POP,Vorpomm,F09,2023-11-24,1.1684,3.2684,10.2684,quantified
POP,Vorpomm,F10,2023-12-08,0,0.8999999999999999,6.6,detected
POP,Vorpomm,F11,2023-12-08,0,0.3,5.2,detected
POP,Vorpomm,F12,2024-01-11,0,1.2,7.3,detected
POP,Vorpomm,F13,2023-12-08,0,0.3,5.2,detected
POP,Vorpomm,F14,2023-12-08,0,1.5,8,detected
POP,Vorpomm,F15,2023-11-30,0,1.2,7.3,detected
POP,Vorpomm,F16,2023-11-30,2.7800000000000002,3.68,8.780000000000001,quantified
POP,Vorpomm,F17,2023-12-08,0,0.3,5.2,detected
POP,Vorpomm,F18,2023-12-01,0,1.7999999999999998,8.7,detected
POP,Vorpomm,F19a,2024-01-11,0,1.2,7.3,detected
POP,Vorpomm,F20a,2023-12-28,0,1.2,7.3,detected
POP,Vorpomm,F21,2023-12-08,0,0.8999999999999999,6.6,detected
POP,Vorpomm,F22,2023-12-08,0,1.5,8,detected
POP,Vorpomm,F23,2024-01-11,0,1.2,7.3,detected
POP,Vorpomm,F24,2023-12-08,0,0.3,5.2,detected
POP,Vorpomm,F25,2024-01-11,0,0.8999999999999999,6.6,detected
POP,Vorpomm,F26,2023-12-08,0,1.2,7.3,detected
POP,Vorpomm,F27,2023-12-08,0,1.2,7.3,detected
POP,Vorpomm,F28,2023-12-07,1.0402,2.8402,9.4402,quantified
POP,Vorpomm,F29,2023-11-24,1.8926,3.3926,9.5926,quantified
POP,Vorpomm,F30,2023-11-24,1.222,2.722,8.921999999999999,quantified
POP,Vorpomm,F31,2023-12-07,3.1702,4.0702,9.1702,quantified
POP,Vorpomm,F32,2023-12-08,0,0.6,5.9,detected
POP,Vorpomm,F33,2023-12-08,0,0.3,5.2,detected
POP,Vorpomm,F34,2023-12-08,0,1.2,7.3,detected
POP,Vorpomm,F35,2023-12-28,0,1.2,7.3,detected
POP,Vorpomm,F36,2023-12-28,0,1.7999999999999998,8.7,detected
POP,Vorpomm,F37,2023-11-24,1.07,2.87,9.47,quantified
POP,Vorpomm,F38,2023-11-24,0,2.1,9.4,detected
POP,Vorpomm,F39,2023-12-08,0,0.3,5.2,detected
POP,Vorpomm,F40,2023-12-07,1.8316,3.0316,8.8316,quantified
POP,Vorpomm,F41,2023-11-24,0,1.2,7.3,detected
POP,Vorpomm,F42,2023-12-07,0,1.5,8,detected
POP,Vorpomm,F43,2023-12-01,1.1628,2.6628,8.8628,quantified
POP,Vorpomm,F44,2023-11-24,0,1.2,7.3,detected
POP,Vorpomm,F45,2023-12-08,0,0.3,5.2,detected
POP,Vorpomm,F46,2023-12-08,0,0.3,5.2,detected
POP,Vorpomm,F47,2023-12-08,0,0.8999999999999999,6.6,detected
POP,Vorpomm,F48,2023-12-08,0,0.3,5.2,detected
POP,Vorpomm,F49,2023-12-08,0,1.2,7.3,detected
POP,Vorpomm,F50,2023-11-24,2.3738,4.1738,10.473799999999999,quantified
Pesticide,Bay_Wald,A01,2023-12-11,0,0,2.6999999999999997,not detected
Pesticide,Bay_Wald,A03,2024-01-30,1.5,1.5,3.9,quantified
Pesticide,Bay_Wald,A05,2024-01-31,0,0.3,3.4,detected
Pesticide,Bay_Wald,A06,2023-12-27,0,0,2.6999999999999997,not detected
Pesticide,Bay_Wald,A07,2024-01-25,0,0,2.6999999999999997,not detected
Pesticide,Bay_Wald,A08,2024-01-30,1.3,1.6,4.4,quantified
Pesticide,Bay_Wald,A09,2023-12-05,0,0.3,3.4,detected
Pesticide,Bay_Wald,A100,2024-12-09,0,0.3,3.4,detected
Pesticide,Bay_Wald,A13,2024-01-25,2,2.3,5.1,quantified
Pesticide,Bay_Wald,A19,2024-01-30,1.9,1.9,4.3,quantified
Pesticide,Bay_Wald,A20,2023-12-29,0,0,2.6999999999999997,not detected
Pesticide,Bay_Wald,A23,2024-01-28,0,0,2.6999999999999997,not detected
Pesticide,Bay_Wald,A39,2024-01-31,0,0,2.6999999999999997,not detected
Pesticide,Bay_Wald,A40,2024-01-30,0,0.6,4.1,detected
Pesticide,Bay_Wald,A54,2024-12-02,0,0.3,3.4,detected
Pesticide,Bay_Wald,A55,2025-01-04,0,0.3,3.4,detected
Pesticide,Bay_Wald,A59,2024-10-16,0,0,2.6999999999999997,not detected
Pesticide,Bay_Wald,A62,2024-11-13,0,0,2.6999999999999997,not detected
Pesticide,Bay_Wald,A63,2024-11-19,0,0.6,4.1,detected
Pesticide,Bay_Wald,A64,2024-10-22,1.02718441344343,1.62718441344343,4.82718441344343,quantified
Pesticide,Bay_Wald,A65,2024-11-24,0,0,2.6999999999999997,not detected
Pesticide,Bay_Wald,A67,2024-10-31,0,0,2.6999999999999997,not detected
Pesticide,Bay_Wald,A68,2024-10-13,0,1.2,5.5,detected
Pesticide,Bay_Wald,A72,2024-12-29,0,0.6,4.1,detected
Pesticide,Bay_Wald,A73,2024-10-27,0,0.3,3.4,detected
Pesticide,Bay_Wald,A76,2024-12-19,0,0.6,4.1,detected
Pesticide,Bay_Wald,A77,2024-11-25,0,0,2.6999999999999997,not detected
Pesticide,Bay_Wald,A80,2025-01-27,0,0.3,3.4,detected
Pesticide,Bay_Wald,A83,2025-01-14,0,0.3,3.4,detected
Pesticide,Bay_Wald,A85,2024-11-25,0,0,2.6999999999999997,not detected
Pesticide,Bay_Wald,A89,2024-12-19,0,0.3,3.4,detected
Pesticide,Bay_Wald,A91,2024-09-27,0,0,2.6999999999999997,not detected
Pesticide,Bay_Wald,A92,2024-12-18,0,0.3,3.4,detected
Pesticide,Bay_Wald,A94,2024-12-19,0,0.8999999999999999,4.8,detected
Pesticide,Bay_Wald,A95,2024-12-18,1.23683430399488,1.53683430399488,4.3368343039948805,quantified
Pesticide,Bay_Wald,A96,2024-12-13,0,1.2,5.5,detected
Pesticide,Bay_Wald,A99,2024-12-19,0,0.3,3.4,detected
Pesticide,Eifel,Z01,2023-11-29,0,0,2.6999999999999997,not detected
Pesticide,Eifel,Z02,2023-11-21,0,0.3,3.4,detected
Pesticide,Eifel,Z03,2023-11-21,0,0,2.6999999999999997,not detected
Pesticide,Eifel,Z04,2023-11-29,0,0,2.6999999999999997,not detected
Pesticide,Eifel,Z05,2023-11-29,0,0,2.6999999999999997,not detected
Pesticide,Eifel,Z06,2023-11-29,0,0,2.6999999999999997,not detected
Pesticide,Eifel,Z07,2023-11-21,0,0,2.6999999999999997,not detected
Pesticide,Eifel,Z08,2023-11-29,0,0,2.6999999999999997,not detected
Pesticide,Eifel,Z09,2023-11-23,0,0.3,3.4,detected
Pesticide,Eifel,Z10,2023-11-23,0,0,2.6999999999999997,not detected
Pesticide,Eifel,Z100,2024-09-04,0,0.3,3.4,detected
Pesticide,Eifel,Z11,2023-11-23,0,0,2.6999999999999997,not detected
Pesticide,Eifel,Z12,2023-11-29,0,0,2.6999999999999997,not detected
Pesticide,Eifel,Z13,2023-11-21,0,0,2.6999999999999997,not detected
Pesticide,Eifel,Z14,2023-11-29,0,0,2.6999999999999997,not detected
Pesticide,Eifel,Z15,2023-11-29,0,0,2.6999999999999997,not detected
Pesticide,Eifel,Z16,2023-11-29,0,0,2.6999999999999997,not detected
Pesticide,Eifel,Z17,2023-11-29,0,0,2.6999999999999997,not detected
Pesticide,Eifel,Z18,2023-11-29,0,0,2.6999999999999997,not detected
Pesticide,Eifel,Z19,2023-12-07,0,0,2.6999999999999997,not detected
Pesticide,Eifel,Z20,2023-11-29,0,0,2.6999999999999997,not detected
Pesticide,Eifel,Z21,2023-11-29,0,0,2.6999999999999997,not detected
Pesticide,Eifel,Z22,2023-12-07,0,0,2.6999999999999997,not detected
Pesticide,Eifel,Z23,2023-11-23,0,0,2.6999999999999997,not detected
Pesticide,Eifel,Z24,2023-12-07,0,0,2.6999999999999997,not detected
Pesticide,Eifel,Z25,2023-12-07,0,0,2.6999999999999997,not detected
Pesticide,Eifel,Z26,2023-12-07,0,0,2.6999999999999997,not detected
Pesticide,Eifel,Z27,2023-12-07,0,0,2.6999999999999997,not detected
Pesticide,Eifel,Z28,2023-12-07,0,0,2.6999999999999997,not detected
Pesticide,Eifel,Z29,2023-12-16,0,0,2.6999999999999997,not detected
Pesticide,Eifel,Z30,2023-12-07,0,0,2.6999999999999997,not detected
Pesticide,Eifel,Z31,2023-10-26,0,0.3,3.4,detected
Pesticide,Eifel,Z32,2023-10-26,0,0,2.6999999999999997,not detected
Pesticide,Eifel,Z33,2023-11-29,0,0,2.6999999999999997,not detected
Pesticide,Eifel,Z34,2023-12-07,0,0,2.6999999999999997,not detected
Pesticide,Eifel,Z35,2023-11-29,0,0,2.6999999999999997,not detected
Pesticide,Eifel,Z36,2023-12-07,0,0,2.6999999999999997,not detected
Pesticide,Eifel,Z37,2023-11-29,0,0,2.6999999999999997,not detected
Pesticide,Eifel,Z38,2023-11-29,0,0,2.6999999999999997,not detected
Pesticide,Eifel,Z39,2023-11-23,0,0,2.6999999999999997,not detected
Pesticide,Eifel,Z40,2023-11-23,0,0,2.6999999999999997,not detected
Pesticide,Eifel,Z41,2023-11-23,0,0,2.6999999999999997,not detected
Pesticide,Eifel,Z42,2023-11-23,0,0,2.6999999999999997,not detected
Pesticide,Eifel,Z43,2023-11-23,0,0,2.6999999999999997,not detected
Pesticide,Eifel,Z44,2023-11-23,0,0,2.6999999999999997,not detected
Pesticide,Eifel,Z45,2023-10-26,0,0,2.6999999999999997,not detected
Pesticide,Eifel,Z46,2023-10-26,0,0,2.6999999999999997,not detected
Pesticide,Eifel,Z47,2023-10-26,0,0,2.6999999999999997,not detected
Pesticide,Eifel,Z48,2023-10-26,0,0.3,3.4,detected
Pesticide,Eifel,Z49,2023-10-26,0,0,2.6999999999999997,not detected
Pesticide,Eifel,Z50,2023-11-23,0,0,2.6999999999999997,not detected
Pesticide,Eifel,Z51,2024-09-07,0,0.3,3.4,detected
Pesticide,Eifel,Z52,2024-08-29,0,0.3,3.4,detected
Pesticide,Eifel,Z53,2024-08-27,0,0.3,3.4,detected
Pesticide,Eifel,Z54,2024-09-10,0,0,2.6999999999999997,not detected
Pesticide,Eifel,Z55,2024-08-23,0,0.3,3.4,detected
Pesticide,Eifel,Z56,2024-08-28,0,0.3,3.4,detected
Pesticide,Eifel,Z57,2024-09-12,0,0.3,3.4,detected
Pesticide,Eifel,Z59,2024-09-13,0,0.3,3.4,detected
Pesticide,Eifel,Z61,2024-08-19,0,0.3,3.4,detected
Pesticide,Eifel,Z62,2024-08-18,0,0.3,3.4,detected
Pesticide,Eifel,Z63,2024-08-22,0,0.3,3.4,detected
Pesticide,Eifel,Z64,2024-08-09,0,1.2,5.5,detected
Pesticide,Eifel,Z65,2024-08-20,0,0.3,3.4,detected
Pesticide,Eifel,Z66,2024-08-05,0,0,2.6999999999999997,not detected
Pesticide,Eifel,Z67,2024-08-09,0,0.3,3.4,detected
Pesticide,Eifel,Z68,2024-08-18,0,0.3,3.4,detected
Pesticide,Eifel,Z69,2024-08-09,0,0.3,3.4,detected
Pesticide,Eifel,Z70,2024-08-06,0,1.5,6.2,detected
Pesticide,Eifel,Z71,2024-08-03,0,0.6,4.1,detected
Pesticide,Eifel,Z73,2024-08-03,0,0.6,4.1,detected
Pesticide,Eifel,Z76,2024-08-07,0,0.8999999999999999,4.8,detected
Pesticide,Eifel,Z78,2024-08-02,0,0,2.6999999999999997,not detected
Pesticide,Eifel,Z79,2024-08-03,0,0.3,3.4,detected
Pesticide,Eifel,Z80,2024-08-07,0,0,2.6999999999999997,not detected
Pesticide,Eifel,Z91,2024-05-29,0,0,2.6999999999999997,not detected
Pesticide,Eifel,Z92,2024-08-19,0,0,2.6999999999999997,not detected
Pesticide,Eifel,Z96,2024-09-04,0,0.3,3.4,detected
Pesticide,Eifel,Z97,2024-09-11,0,0.6,4.1,detected
Pesticide,Eifel,Z99,2024-08-08,0,0.3,3.4,detected
Pesticide,Hainich,C01,2023-12-09,0,0,2.6999999999999997,not detected
Pesticide,Hainich,C02,2023-12-12,0,0.3,3.4,detected
Pesticide,Hainich,C03,2023-12-05,0,0,2.6999999999999997,not detected
Pesticide,Hainich,C04,2023-11-28,0,0,2.6999999999999997,not detected
Pesticide,Hainich,C05,2024-01-15,0,0,2.6999999999999997,not detected
Pesticide,Hainich,C06,2023-12-05,0,0.6,4.1,detected
Pesticide,Hainich,C07,2023-12-12,0,0,2.6999999999999997,not detected
Pesticide,Hainich,C08,2023-11-18,0,0,2.6999999999999997,not detected
Pesticide,Hainich,C09,2024-01-13,0,0,2.6999999999999997,not detected
Pesticide,Hainich,C10,2023-12-05,0,0.6,4.1,detected
Pesticide,Hainich,C100,2024-09-25,0,0,2.6999999999999997,not detected
Pesticide,Hainich,C11,2023-12-05,2.4893,2.4893,4.5893,quantified
Pesticide,Hainich,C12,2023-11-28,0,0,2.6999999999999997,not detected
Pesticide,Hainich,C13,2023-12-05,0,0.6,4.1,detected
Pesticide,Hainich,C14,2023-12-05,0,0,2.6999999999999997,not detected
Pesticide,Hainich,C15,2023-11-14,0,0,2.6999999999999997,not detected
Pesticide,Hainich,C16,2023-11-14,0,0,2.6999999999999997,not detected
Pesticide,Hainich,C17,2023-11-28,28.8448,28.8448,30.9448,quantified
Pesticide,Hainich,C18,2023-12-05,14.6398,14.6398,16.7398,quantified
Pesticide,Hainich,C19,2023-11-14,0,0.3,3.4,detected
Pesticide,Hainich,C20,2023-12-05,0,0.6,4.1,detected
Pesticide,Hainich,C21,2023-12-12,0,0,2.6999999999999997,not detected
Pesticide,Hainich,C22,2023-11-28,0,0,2.6999999999999997,not detected
Pesticide,Hainich,C23,2023-11-28,0,0,2.6999999999999997,not detected
Pesticide,Hainich,C24,2023-12-12,0,0,2.6999999999999997,not detected
Pesticide,Hainich,C25,2023-12-12,0,0,2.6999999999999997,not detected
Pesticide,Hainich,C26,2023-12-12,0,0,2.6999999999999997,not detected
Pesticide,Hainich,C27,2023-12-05,0,0.6,4.1,detected
Pesticide,Hainich,C28,2023-11-28,0,0,2.6999999999999997,not detected
Pesticide,Hainich,C29,2023-11-18,0,0,2.6999999999999997,not detected
Pesticide,Hainich,C30,2023-12-05,0,0.8999999999999999,4.8,detected
Pesticide,Hainich,C31,2023-11-04,0,0,2.6999999999999997,not detected
Pesticide,Hainich,C32,2023-11-28,0,0,2.6999999999999997,not detected
Pesticide,Hainich,C33,2023-12-05,0,0.6,4.1,detected
Pesticide,Hainich,C34,2023-11-04,0,0,2.6999999999999997,not detected
Pesticide,Hainich,C35,2023-12-09,0,0,2.6999999999999997,not detected
Pesticide,Hainich,C36,2024-01-15,0,0,2.6999999999999997,not detected
Pesticide,Hainich,C37,2023-12-09,0,0,2.6999999999999997,not detected
Pesticide,Hainich,C38,2023-11-14,0,0,2.6999999999999997,not detected
Pesticide,Hainich,C39,2023-11-18,0,0,2.6999999999999997,not detected
Pesticide,Hainich,C40,2023-12-12,0,0,2.6999999999999997,not detected
Pesticide,Hainich,C41,2023-11-28,0,0.6,4.1,detected
Pesticide,Hainich,C42,2023-12-09,0,0,2.6999999999999997,not detected
Pesticide,Hainich,C43,2023-11-18,0,0,2.6999999999999997,not detected
Pesticide,Hainich,C44,2023-12-09,0,0,2.6999999999999997,not detected
Pesticide,Hainich,C45,2023-11-07,0,0,2.6999999999999997,not detected
Pesticide,Hainich,C46,2023-11-18,0,0.6,4.1,detected
Pesticide,Hainich,C47,2023-12-12,0,0,2.6999999999999997,not detected
Pesticide,Hainich,C48,2023-11-18,0,0,2.6999999999999997,not detected
Pesticide,Hainich,C49,2023-11-07,0,0,2.6999999999999997,not detected
Pesticide,Hainich,C50,2023-12-12,0,0,2.6999999999999997,not detected
Pesticide,Hainich,C87,2024-10-02,0,0,2.6999999999999997,not detected
Pesticide,Hainich,C91,2024-09-18,0,0.3,3.4,detected
Pesticide,Hainich,C94,2024-09-25,0,0,2.6999999999999997,not detected
Pesticide,Hainich,C96,2024-09-18,0,0,2.6999999999999997,not detected
Pesticide,Hunsrueck,D01,2024-08-22,0,0.3,3.4,detected
Pesticide,Hunsrueck,D02,2024-08-13,0,0.3,3.4,detected
Pesticide,Hunsrueck,D03,2024-08-19,0,0,2.6999999999999997,not detected
Pesticide,Hunsrueck,D04,2024-08-14,0,0,2.6999999999999997,not detected
Pesticide,Hunsrueck,D05,2024-08-14,0,0.3,3.4,detected
Pesticide,Hunsrueck,D06,2024-08-22,0,0.3,3.4,detected
Pesticide,Hunsrueck,D07,2024-08-08,0,0.3,3.4,detected
Pesticide,Hunsrueck,D08,2024-08-14,0,0.3,3.4,detected
Pesticide,Hunsrueck,D09,2024-08-23,0,0.3,3.4,detected
Pesticide,Hunsrueck,D10,2024-08-13,0,0,2.6999999999999997,not detected
Pesticide,Hunsrueck,D11,2023-11-17,0,0.3,3.4,detected
Pesticide,Hunsrueck,D13,2023-11-17,0,0,2.6999999999999997,not detected
Pesticide,Hunsrueck,D14,2023-12-08,0,0.3,3.4,detected
Pesticide,Hunsrueck,D18,2023-11-17,0,0.3,3.4,detected
Pesticide,Hunsrueck,D19,2023-11-17,0,0.3,3.4,detected
Pesticide,Hunsrueck,D20,2023-11-25,0,0.3,3.4,detected
Pesticide,Hunsrueck,D21,2024-12-05,0,0.3,3.4,detected
Pesticide,Hunsrueck,D22,2024-12-12,0,0,2.6999999999999997,not detected
Pesticide,Hunsrueck,D24,2024-12-05,0,0.3,3.4,detected
Pesticide,Hunsrueck,D25,2024-12-12,0,0,2.6999999999999997,not detected
Pesticide,Hunsrueck,D27,2024-11-21,0,0,2.6999999999999997,not detected
Pesticide,Hunsrueck,D28,2024-12-05,0,0,2.6999999999999997,not detected
Pesticide,Hunsrueck,D29,2024-12-05,0,0,2.6999999999999997,not detected
Pesticide,Hunsrueck,D41,2024-08-03,0,0,2.6999999999999997,not detected
Pesticide,Hunsrueck,D42,2024-08-03,0,0,2.6999999999999997,not detected
Pesticide,Hunsrueck,D43,2024-08-11,0,0,2.6999999999999997,not detected
Pesticide,Hunsrueck,D45,2024-08-04,0,0,2.6999999999999997,not detected
Pesticide,Hunsrueck,D46,2024-08-05,0,0,2.6999999999999997,not detected
Pesticide,Hunsrueck,D47,2024-08-11,0,0,2.6999999999999997,not detected
Pesticide,Hunsrueck,D48,2024-08-04,0,0.3,3.4,detected
Pesticide,Hunsrueck,D49,2024-08-08,0,0,2.6999999999999997,not detected
Pesticide,Hunsrueck,D50,2024-08-13,0,0,2.6999999999999997,not detected
Pesticide,Hunsrueck,D51,2024-12-05,0,0.3,3.4,detected
Pesticide,Hunsrueck,D52,2024-12-05,0,0,2.6999999999999997,not detected
Pesticide,Hunsrueck,D53,2024-12-12,0,0,2.6999999999999997,not detected
Pesticide,Hunsrueck,D54,2024-10-17,0,0,2.6999999999999997,not detected
Pesticide,Hunsrueck,D55,2024-12-05,0,0,2.6999999999999997,not detected
Pesticide,Hunsrueck,D58,2024-10-17,0,0,2.6999999999999997,not detected
Pesticide,Hunsrueck,D59,2024-10-17,0,0,2.6999999999999997,not detected
Pesticide,Hunsrueck,D62,2024-10-23,0,0,2.6999999999999997,not detected
Pesticide,Hunsrueck,D63,2024-10-23,0,0,2.6999999999999997,not detected
Pesticide,Hunsrueck,D64,2024-10-17,0,0,2.6999999999999997,not detected
Pesticide,Hunsrueck,D67,2024-10-23,0,0,2.6999999999999997,not detected
Pesticide,Hunsrueck,D68,2024-10-17,0,0,2.6999999999999997,not detected
Pesticide,Hunsrueck,D70,2024-12-05,0,0,2.6999999999999997,not detected
Pesticide,Hunsrueck,D71,2024-12-12,0,1.2,5.5,detected
Pesticide,Hunsrueck,D72,2024-10-23,0,0,2.6999999999999997,not detected
Pesticide,Hunsrueck,D73,2024-10-17,0,0,2.6999999999999997,not detected
Pesticide,Hunsrueck,D74,2024-12-12,0,0,2.6999999999999997,not detected
Pesticide,Hunsrueck,D76,2024-10-23,0,0.3,3.4,detected
Pesticide,Hunsrueck,D77,2024-10-17,0,0,2.6999999999999997,not detected
Pesticide,Hunsrueck,D78,2024-10-17,0,0,2.6999999999999997,not detected
Pesticide,Hunsrueck,D80,2024-10-17,0,0.3,3.4,detected
Pesticide,Jasmund,G01,2024-01-08,0,0.6,4.1,detected
Pesticide,Jasmund,G02,2023-11-25,0,0.8999999999999999,4.8,detected
Pesticide,Jasmund,G03,2023-11-14,0,0,2.6999999999999997,not detected
Pesticide,Jasmund,G04,2023-11-18,0,0,2.6999999999999997,not detected
Pesticide,Jasmund,G05,2023-11-18,0,0.6,4.1,detected
Pesticide,Jasmund,G06,2023-12-05,0,0.3,3.4,detected
Pesticide,Jasmund,G07,2024-01-08,14.8162,14.8162,16.9162,quantified
Pesticide,Jasmund,G08,2023-11-18,0,0.6,4.1,detected
Pesticide,Jasmund,G09,2023-11-25,0,0.3,3.4,detected
Pesticide,Jasmund,G10,2023-12-19,0,0,2.6999999999999997,not detected
Pesticide,Jasmund,G11,2023-12-11,0,0,2.6999999999999997,not detected
Pesticide,Jasmund,G12,2023-11-17,0,0.6,4.1,detected
Pesticide,Jasmund,G13,2023-12-19,0,0,2.6999999999999997,not detected
Pesticide,Jasmund,G14,2023-11-18,0,0.6,4.1,detected
Pesticide,Jasmund,G15,2023-11-18,0,0,2.6999999999999997,not detected
Pesticide,Jasmund,G16,2023-11-18,0,0,2.6999999999999997,not detected
Pesticide,Jasmund,G17,2024-01-26,0,0,2.6999999999999997,not detected
Pesticide,Jasmund,G18,2023-11-18,0,0,2.6999999999999997,not detected
Pesticide,Jasmund,G19,2023-11-18,0,0.6,4.1,detected
Pesticide,Jasmund,G20,2024-01-02,0,0,2.6999999999999997,not detected
Pesticide,Jasmund,G22,2023-11-17,0,0,2.6999999999999997,not detected
Pesticide,Jasmund,G23,2023-11-17,0,0.8999999999999999,4.8,detected
Pesticide,Jasmund,G24,2023-12-19,0,0,2.6999999999999997,not detected
Pesticide,Jasmund,G25,2023-11-17,0,0,2.6999999999999997,not detected
Pesticide,Jasmund,G26,2023-11-17,0,0,2.6999999999999997,not detected
Pesticide,Jasmund,G27,2023-11-17,0,0,2.6999999999999997,not detected
Pesticide,Jasmund,G28,2023-11-17,0,0,2.6999999999999997,not detected
Pesticide,Jasmund,G29,2023-11-17,0,0.6,4.1,detected
Pesticide,Jasmund,G30,2023-11-17,0,0,2.6999999999999997,not detected
Pesticide,Jasmund,G31,2023-11-18,0,0.3,3.4,detected
Pesticide,Jasmund,G32,2023-11-18,0,0,2.6999999999999997,not detected
Pesticide,Jasmund,G33,2024-01-28,5.644,5.644,7.744,quantified
Pesticide,Jasmund,G34,2023-11-17,0,0,2.6999999999999997,not detected
Pesticide,Jasmund,G35,2023-11-18,0,0,2.6999999999999997,not detected
Pesticide,Jasmund,G36,2023-11-22,0,0,2.6999999999999997,not detected
Pesticide,Jasmund,G37,2024-01-31,0,0,2.6999999999999997,not detected
Pesticide,Jasmund,G38,2023-11-17,0,0,2.6999999999999997,not detected
Pesticide,Jasmund,G39,2023-11-17,0,0,2.6999999999999997,not detected
Pesticide,Jasmund,G40,2023-11-17,0,0.6,4.1,detected
Pesticide,Jasmund,G41,2023-12-02,0,0,2.6999999999999997,not detected
Pesticide,Jasmund,G42,2024-01-31,0,0,2.6999999999999997,not detected
Pesticide,Jasmund,G43,2023-11-25,6.221,6.521,9.021,quantified
Pesticide,Jasmund,G44,2023-12-19,0,0,2.6999999999999997,not detected
Pesticide,Jasmund,G45,2023-12-19,0,0,2.6999999999999997,not detected
Pesticide,Jasmund,G46,2023-11-18,0,0,2.6999999999999997,not detected
Pesticide,Jasmund,G47,2023-11-17,0,0,2.6999999999999997,not detected
Pesticide,Jasmund,G48,2023-12-19,0,0,2.6999999999999997,not detected
Pesticide,Jasmund,G49,2024-01-31,0,0,2.6999999999999997,not detected
Pesticide,Jasmund,G50,2023-11-17,0,0,2.6999999999999997,not detected
Pesticide,Kellerwald,L100,2024-08-09,0,0,2.6999999999999997,not detected
Pesticide,Kellerwald,L51,2024-08-05,0,0,2.6999999999999997,not detected
Pesticide,Kellerwald,L52,2024-09-01,0,0.3,3.4,detected
Pesticide,Kellerwald,L53,2024-08-02,0,0.3,3.4,detected
Pesticide,Kellerwald,L54,2024-08-16,0,0,2.6999999999999997,not detected
Pesticide,Kellerwald,L55,2024-08-05,0,0,2.6999999999999997,not detected
Pesticide,Kellerwald,L56,2024-08-02,0,0.3,3.4,detected
Pesticide,Kellerwald,L57,2024-08-16,0,0,2.6999999999999997,not detected
Pesticide,Kellerwald,L58,2024-08-17,0,0,2.6999999999999997,not detected
Pesticide,Kellerwald,L59,2024-08-16,0,0,2.6999999999999997,not detected
Pesticide,Kellerwald,L60,2024-09-01,0,0,2.6999999999999997,not detected
Pesticide,Kellerwald,L61,2024-09-01,0,0.3,3.4,detected
Pesticide,Kellerwald,L62,2024-09-02,0,0,2.6999999999999997,not detected
Pesticide,Kellerwald,L63,2024-08-17,0,0,2.6999999999999997,not detected
Pesticide,Kellerwald,L64,2024-09-01,0,0.3,3.4,detected
Pesticide,Kellerwald,L65,2024-09-01,0,0,2.6999999999999997,not detected
Pesticide,Kellerwald,L66,2024-09-01,0,0,2.6999999999999997,not detected
Pesticide,Kellerwald,L67,2024-08-05,0,0,2.6999999999999997,not detected
Pesticide,Kellerwald,L68,2024-08-05,0,0,2.6999999999999997,not detected
Pesticide,Kellerwald,L69,2024-08-06,0,0,2.6999999999999997,not detected
Pesticide,Kellerwald,L70,2024-08-08,0,0,2.6999999999999997,not detected
Pesticide,Kellerwald,L71,2024-08-04,0,0,2.6999999999999997,not detected
Pesticide,Kellerwald,L72,2024-08-15,0,0,2.6999999999999997,not detected
Pesticide,Kellerwald,L73,2024-08-02,0,0,2.6999999999999997,not detected
Pesticide,Kellerwald,L74,2024-08-06,0,0.3,3.4,detected
Pesticide,Kellerwald,L75,2024-08-05,0,0,2.6999999999999997,not detected
Pesticide,Kellerwald,L76,2024-08-07,0,0,2.6999999999999997,not detected
Pesticide,Kellerwald,L77,2024-09-01,0,0.3,3.4,detected
Pesticide,Kellerwald,L78,2024-08-15,0,0,2.6999999999999997,not detected
Pesticide,Kellerwald,L79,2024-08-09,0,0,2.6999999999999997,not detected
Pesticide,Kellerwald,L80,2024-08-14,0,0,2.6999999999999997,not detected
Pesticide,Kellerwald,L81,2024-08-04,0,0,2.6999999999999997,not detected
Pesticide,Kellerwald,L82,2024-08-10,0,0,2.6999999999999997,not detected
Pesticide,Kellerwald,L83,2024-08-14,0,0,2.6999999999999997,not detected
Pesticide,Kellerwald,L84,2024-08-04,0,0,2.6999999999999997,not detected
Pesticide,Kellerwald,L85,2024-08-09,0,0,2.6999999999999997,not detected
Pesticide,Kellerwald,L86,2024-08-10,0,0,2.6999999999999997,not detected
Pesticide,Kellerwald,L87,2024-08-09,0,0,2.6999999999999997,not detected
Pesticide,Kellerwald,L88,2024-08-17,0,0,2.6999999999999997,not detected
Pesticide,Kellerwald,L89,2024-08-02,0,0,2.6999999999999997,not detected
Pesticide,Kellerwald,L90,2024-08-04,0,0,2.6999999999999997,not detected
Pesticide,Kellerwald,L91,2024-08-10,0,0,2.6999999999999997,not detected
Pesticide,Kellerwald,L92,2024-08-03,0,0.3,3.4,detected
Pesticide,Kellerwald,L93,2024-08-13,0,0,2.6999999999999997,not detected
Pesticide,Kellerwald,L94,2024-08-01,0,0,2.6999999999999997,not detected
Pesticide,Kellerwald,L95,2024-08-05,0,0,2.6999999999999997,not detected
Pesticide,Kellerwald,L96,2024-08-14,0,0,2.6999999999999997,not detected
Pesticide,Kellerwald,L97,2024-08-12,0,0,2.6999999999999997,not detected
Pesticide,Kellerwald,L98,2024-08-09,0,0,2.6999999999999997,not detected
Pesticide,Kellerwald,L99,2024-08-10,0,0,2.6999999999999997,not detected
Pesticide,Non-Park,CC1,2021-01-24,0,0,2.6999999999999997,not detected
Pesticide,Non-Park,CC10,2021-04-16,0,0,2.6999999999999997,not detected
Pesticide,Non-Park,CC11,2021-04-18,0,0,2.6999999999999997,not detected
Pesticide,Non-Park,CC12,2021-04-18,0,0,2.6999999999999997,not detected
Pesticide,Non-Park,CC13,2021-04-19,0,0,2.6999999999999997,not detected
Pesticide,Non-Park,CC14,2021-04-19,0,0,2.6999999999999997,not detected
Pesticide,Non-Park,CC15,2021-04-21,0,0,2.6999999999999997,not detected
Pesticide,Non-Park,CC16,2021-04-24,0,0,2.6999999999999997,not detected
Pesticide,Non-Park,CC17,2021-04-24,0,0,2.6999999999999997,not detected
Pesticide,Non-Park,CC18,2021-04-23,0,0,2.6999999999999997,not detected
Pesticide,Non-Park,CC19,2021-04-23,0,0,2.6999999999999997,not detected
Pesticide,Non-Park,CC2,2021-05-27,0,0,2.6999999999999997,not detected
Pesticide,Non-Park,CC20,2021-04-21,3,3,5.1,quantified
Pesticide,Non-Park,CC21,2021-04-19,4,4,5.5,quantified
Pesticide,Non-Park,CC22,2021-04-17,0,1.2,5.5,detected
Pesticide,Non-Park,CC23,2021-04-25,0,1.2,5.5,detected
Pesticide,Non-Park,CC24,2021-04-18,0,0,2.6999999999999997,not detected
Pesticide,Non-Park,CC25,2021-02-24,0,1.2,5.5,detected
Pesticide,Non-Park,CC26,2021-04-20,0,0,2.6999999999999997,not detected
Pesticide,Non-Park,CC27,2021-04-22,0,0,2.6999999999999997,not detected
Pesticide,Non-Park,CC28,2021-04-22,0,0,2.6999999999999997,not detected
Pesticide,Non-Park,CC29,2021-04-24,0,0,2.6999999999999997,not detected
Pesticide,Non-Park,CC3,2021-05-29,0,0.6,4.1,detected
Pesticide,Non-Park,CC30,2021-04-28,0,0.6,4.1,detected
Pesticide,Non-Park,CC31,2021-05-03,0,0.3,3.4,detected
Pesticide,Non-Park,CC32,2021-06-07,0,0,2.6999999999999997,not detected
Pesticide,Non-Park,CC33,2021-05-16,0,0,2.6999999999999997,not detected
Pesticide,Non-Park,CC34,2021-05-18,0,1.2,5.5,detected
Pesticide,Non-Park,CC35,2021-05-16,0,0,2.6999999999999997,not detected
Pesticide,Non-Park,CC36,2021-05-17,0,0.3,3.4,detected
Pesticide,Non-Park,CC37,2021-05-30,0,0,2.6999999999999997,not detected
Pesticide,Non-Park,CC38,2021-05-12,0,0,2.6999999999999997,not detected
Pesticide,Non-Park,CC39,2021-05-14,0,0,2.6999999999999997,not detected
Pesticide,Non-Park,CC4,2021-05-02,0,0.6,4.1,detected
Pesticide,Non-Park,CC40,2021-05-17,0,0,2.6999999999999997,not detected
Pesticide,Non-Park,CC41,2021-05-17,0,0,2.6999999999999997,not detected
Pesticide,Non-Park,CC42,2021-05-18,0,0,2.6999999999999997,not detected
Pesticide,Non-Park,CC43,2021-05-18,0,0,2.6999999999999997,not detected
Pesticide,Non-Park,CC44,2021-06-29,0,0,2.6999999999999997,not detected
Pesticide,Non-Park,CC45,2021-04-17,0,0.6,4.1,detected
Pesticide,Non-Park,CC46,2021-04-19,0,0,2.6999999999999997,not detected
Pesticide,Non-Park,CC47,2021-04-18,0,1.2,5.5,detected
Pesticide,Non-Park,CC48,2021-04-21,0,1.2,5.5,detected
Pesticide,Non-Park,CC49,2021-04-21,0,1.2,5.5,detected
Pesticide,Non-Park,CC5,2021-06-27,0,0.6,4.1,detected
Pesticide,Non-Park,CC50,2021-04-27,0,1.5,6.2,detected
Pesticide,Non-Park,CC51,2021-05-01,0,0,2.6999999999999997,not detected
Pesticide,Non-Park,CC52,2021-07-04,0,0,2.6999999999999997,not detected
Pesticide,Non-Park,CC53,2021-07-05,0,0.6,4.1,detected
Pesticide,Non-Park,CC54,2021-07-09,0,0,2.6999999999999997,not detected
Pesticide,Non-Park,CC55,2021-05-16,0,0,2.6999999999999997,not detected
Pesticide,Non-Park,CC56,2021-04-30,0,0.3,3.4,detected
Pesticide,Non-Park,CC57,2021-04-29,0,0,2.6999999999999997,not detected
Pesticide,Non-Park,CC58,2021-05-07,0,0,2.6999999999999997,not detected
Pesticide,Non-Park,CC6,2021-05-14,0,0,2.6999999999999997,not detected
Pesticide,Non-Park,CC7,2021-05-15,0,0,2.6999999999999997,not detected
Pesticide,Non-Park,CC8,2021-05-14,0,1.2,5.5,detected
Pesticide,Non-Park,CC9,2021-04-16,8,8,9.5,quantified
Pesticide,Saechs_Schw,E 11,2024-08-02,0,0,2.6999999999999997,not detected
Pesticide,Saechs_Schw,E 12,2024-12-17,0,0,2.6999999999999997,not detected
Pesticide,Saechs_Schw,E 13,2024-09-05,0,0,2.6999999999999997,not detected
Pesticide,Saechs_Schw,E 14,2024-08-07,0,0,2.6999999999999997,not detected
Pesticide,Saechs_Schw,E 16,2024-08-02,0,0,2.6999999999999997,not detected
Pesticide,Saechs_Schw,E 17,2025-01-24,0,0,2.6999999999999997,not detected
Pesticide,Saechs_Schw,E 20,2025-01-18,0,0,2.6999999999999997,not detected
Pesticide,Saechs_Schw,E 32,2024-08-18,0,0,2.6999999999999997,not detected
Pesticide,Saechs_Schw,E 33,2024-08-21,0,0,2.6999999999999997,not detected
Pesticide,Saechs_Schw,E 34,2024-08-12,0,0.8999999999999999,4.8,detected
Pesticide,Saechs_Schw,E 35,2024-08-13,0,0,2.6999999999999997,not detected
Pesticide,Saechs_Schw,E 36,2024-08-15,0,0,2.6999999999999997,not detected
Pesticide,Saechs_Schw,E 37,2024-08-02,0,0,2.6999999999999997,not detected
Pesticide,Saechs_Schw,E 38,2024-08-07,0,0,2.6999999999999997,not detected
Pesticide,Saechs_Schw,E 39,2024-08-15,0,0,2.6999999999999997,not detected
Pesticide,Saechs_Schw,E 40,2024-08-26,0,0,2.6999999999999997,not detected
Pesticide,Saechs_Schw,E 41,2024-09-09,0,0,2.6999999999999997,not detected
Pesticide,Saechs_Schw,E 42,2024-09-24,0,0,2.6999999999999997,not detected
Pesticide,Saechs_Schw,E 43,2024-09-20,0,0,2.6999999999999997,not detected
Pesticide,Saechs_Schw,E 45,2024-09-17,0,0,2.6999999999999997,not detected
Pesticide,Saechs_Schw,E 46,2024-10-24,0,0,2.6999999999999997,not detected
Pesticide,Saechs_Schw,E 47,2024-10-15,0,0,2.6999999999999997,not detected
Pesticide,Saechs_Schw,E 49,2024-09-20,0,0,2.6999999999999997,not detected
Pesticide,Saechs_Schw,E 50,2024-09-28,0,0,2.6999999999999997,not detected
Pesticide,Saechs_Schw,E 51,2024-10-24,0,0,2.6999999999999997,not detected
Pesticide,Saechs_Schw,E 52,2024-11-19,0,0,2.6999999999999997,not detected
Pesticide,Saechs_Schw,E 53,2024-11-30,0,0,2.6999999999999997,not detected
Pesticide,Saechs_Schw,E 54,2024-12-11,0,0,2.6999999999999997,not detected
Pesticide,Saechs_Schw,E 55,2024-11-06,0,0,2.6999999999999997,not detected
Pesticide,Saechs_Schw,E 56,2024-11-20,0,0,2.6999999999999997,not detected
Pesticide,Saechs_Schw,E 57,2024-10-29,0,0,2.6999999999999997,not detected
Pesticide,Saechs_Schw,E 58,2024-11-08,0,0,2.6999999999999997,not detected
Pesticide,Saechs_Schw,E 59,2024-11-21,0,0.6,4.1,detected
Pesticide,Saechs_Schw,E 60,2024-12-18,0,0,2.6999999999999997,not detected
Pesticide,Saechs_Schw,E 61,2024-12-11,0,0,2.6999999999999997,not detected
Pesticide,Saechs_Schw,E 62,2024-12-11,0,0,2.6999999999999997,not detected
Pesticide,Saechs_Schw,E 63,2024-12-17,0,0,2.6999999999999997,not detected
Pesticide,Saechs_Schw,E 64,2024-12-18,0,0,2.6999999999999997,not detected
Pesticide,Saechs_Schw,E 65,2024-12-18,0,0.3,3.4,detected
Pesticide,Saechs_Schw,E 66,2025-01-16,0,0,2.6999999999999997,not detected
Pesticide,Saechs_Schw,E 67,2025-01-29,0,0.6,4.1,detected
Pesticide,Saechs_Schw,E 68,2025-01-30,0,0.6,4.1,detected
Pesticide,Saechs_Schw,E 69,2025-01-21,0,0,2.6999999999999997,not detected
Pesticide,Saechs_Schw,E 70,2025-01-27,0,0,2.6999999999999997,not detected
Pesticide,Saechs_Schw,E 71,2025-01-30,0,0,2.6999999999999997,not detected
Pesticide,Saechs_Schw,E 72,2025-01-30,0,0.8999999999999999,4.8,detected
Pesticide,Saechs_Schw,E 73,2025-01-30,0,0,2.6999999999999997,not detected
Pesticide,Saechs_Schw,E 74,2025-01-30,0,0.6,4.1,detected
Pesticide,Saechs_Schw,E 75,2025-01-30,0,0,2.6999999999999997,not detected
Pesticide,Saechs_Schw,E 76,2025-01-30,0,0.3,3.4,detected
Pesticide,Saechs_Schw,E 77,2025-01-30,0,0,2.6999999999999997,not detected
Pesticide,Saechs_Schw,E 78,2025-01-30,0,0,2.6999999999999997,not detected
Pesticide,Saechs_Schw,E 79,2025-01-30,0,0,2.6999999999999997,not detected
Pesticide,Saechs_Schw,E 80,2025-01-30,0,0,2.6999999999999997,not detected
Pesticide,Saechs_Schw,E 81,2025-01-30,0,0,2.6999999999999997,not detected
Pesticide,Saechs_Schw,E 82,2025-01-30,0,0,2.6999999999999997,not detected
Pesticide,Saechs_Schw,E 83,2025-01-30,0,0,2.6999999999999997,not detected
Pesticide,Saechs_Schw,E1,2024-01-15,0,0,2.6999999999999997,not detected
Pesticide,Saechs_Schw,E15,2023-11-22,0,0,2.6999999999999997,not detected
Pesticide,Saechs_Schw,E21,2023-12-09,0,0,2.6999999999999997,not detected
Pesticide,Saechs_Schw,E22,2024-01-16,0,0,2.6999999999999997,not detected
Pesticide,Saechs_Schw,E23,2023-12-19,0,0,2.6999999999999997,not detected
Pesticide,Saechs_Schw,E24,2024-01-30,0,0,2.6999999999999997,not detected
Pesticide,Saechs_Schw,E26,2024-01-19,0,0,2.6999999999999997,not detected
Pesticide,Saechs_Schw,E28,2023-12-08,0,0,2.6999999999999997,not detected
Pesticide,Saechs_Schw,E29,2024-01-29,0,0,2.6999999999999997,not detected
Pesticide,Saechs_Schw,E30,2024-01-19,0,0,2.6999999999999997,not detected
Pesticide,Saechs_Schw,E31,2023-12-06,0,0,2.6999999999999997,not detected
Pesticide,Vorpomm,F01,2023-12-28,0,0,2.6999999999999997,not detected
Pesticide,Vorpomm,F02,2023-12-28,0,0,2.6999999999999997,not detected
Pesticide,Vorpomm,F03,2023-12-08,0,0,2.6999999999999997,not detected
Pesticide,Vorpomm,F04,2023-12-07,0,0,2.6999999999999997,not detected
Pesticide,Vorpomm,F05,2023-12-28,0,0,2.6999999999999997,not detected
Pesticide,Vorpomm,F06,2023-12-28,0,0,2.6999999999999997,not detected
Pesticide,Vorpomm,F07,2024-01-11,0,0,2.6999999999999997,not detected
Pesticide,Vorpomm,F08,2023-12-08,0,0,2.6999999999999997,not detected
Pesticide,Vorpomm,F09,2023-11-24,0,0,2.6999999999999997,not detected
Pesticide,Vorpomm,F10,2023-12-08,0,0,2.6999999999999997,not detected
Pesticide,Vorpomm,F11,2023-12-08,0,0,2.6999999999999997,not detected
Pesticide,Vorpomm,F12,2024-01-11,0,0,2.6999999999999997,not detected
Pesticide,Vorpomm,F13,2023-12-08,0,0,2.6999999999999997,not detected
Pesticide,Vorpomm,F14,2023-12-08,0,0,2.6999999999999997,not detected
Pesticide,Vorpomm,F15,2023-11-30,0,0,2.6999999999999997,not detected
Pesticide,Vorpomm,F16,2023-11-30,0,0,2.6999999999999997,not detected
Pesticide,Vorpomm,F17,2023-12-08,0,0,2.6999999999999997,not detected
Pesticide,Vorpomm,F18,2023-12-01,0,0,2.6999999999999997,not detected
Pesticide,Vorpomm,F19a,2024-01-11,0,0,2.6999999999999997,not detected
Pesticide,Vorpomm,F20a,2023-12-28,0,0,2.6999999999999997,not detected
Pesticide,Vorpomm,F21,2023-12-08,0,0,2.6999999999999997,not detected
Pesticide,Vorpomm,F22,2023-12-08,0,0,2.6999999999999997,not detected
Pesticide,Vorpomm,F23,2024-01-11,0,0,2.6999999999999997,not detected
Pesticide,Vorpomm,F24,2023-12-08,0,0,2.6999999999999997,not detected
Pesticide,Vorpomm,F25,2024-01-11,0,0,2.6999999999999997,not detected
Pesticide,Vorpomm,F26,2023-12-08,0,0,2.6999999999999997,not detected
Pesticide,Vorpomm,F27,2023-12-08,0,0,2.6999999999999997,not detected
Pesticide,Vorpomm,F28,2023-12-07,0,0,2.6999999999999997,not detected
Pesticide,Vorpomm,F29,2023-11-24,0,0,2.6999999999999997,not detected
Pesticide,Vorpomm,F30,2023-11-24,0,0,2.6999999999999997,not detected
Pesticide,Vorpomm,F31,2023-12-07,0,0,2.6999999999999997,not detected
Pesticide,Vorpomm,F32,2023-12-08,0,0,2.6999999999999997,not detected
Pesticide,Vorpomm,F33,2023-12-08,0,0,2.6999999999999997,not detected
Pesticide,Vorpomm,F34,2023-12-08,0,0,2.6999999999999997,not detected
Pesticide,Vorpomm,F35,2023-12-28,0,0,2.6999999999999997,not detected
Pesticide,Vorpomm,F36,2023-12-28,0,0.3,3.4,detected
Pesticide,Vorpomm,F37,2023-11-24,0,0,2.6999999999999997,not detected
Pesticide,Vorpomm,F38,2023-11-24,0,0,2.6999999999999997,not detected
Pesticide,Vorpomm,F39,2023-12-08,0,0,2.6999999999999997,not detected
Pesticide,Vorpomm,F40,2023-12-07,0,0,2.6999999999999997,not detected
Pesticide,Vorpomm,F41,2023-11-24,0,0,2.6999999999999997,not detected
Pesticide,Vorpomm,F42,2023-12-07,0,0,2.6999999999999997,not detected
Pesticide,Vorpomm,F43,2023-12-01,0,0,2.6999999999999997,not detected
Pesticide,Vorpomm,F44,2023-11-24,0,0,2.6999999999999997,not detected
Pesticide,Vorpomm,F45,2023-12-08,0,0,2.6999999999999997,not detected
Pesticide,Vorpomm,F46,2023-12-08,0,0,2.6999999999999997,not detected
Pesticide,Vorpomm,F47,2023-12-08,0,0,2.6999999999999997,not detected
Pesticide,Vorpomm,F48,2023-12-08,0,0,2.6999999999999997,not detected
Pesticide,Vorpomm,F49,2023-12-08,0,0,2.6999999999999997,not detected
Pesticide,Vorpomm,F50,2023-11-24,0,0,2.6999999999999997,not detected
